City_Key,City
1,Greater Sydney
2,Gosford - Springfield
3,Greater Melbourne
4,Greater Brisbane
5,Greater Perth
6,Rockingham
7,Greater Adelaide
8,Gold Coast
9,Canberra
10,Newcastle
11,Wollongong
12,Sunshine Coast
13,Greater Hobart
14,Townsville
15,Geelong
16,Cairns
17,Greater Darwin
18,Toowoomba
19,Ballarat
20,Bendigo
21,Wien
22,Graz
23,Linz
24,Salzburg
25,Innsbruck
26,Klagenfurt
27,Bruxelles/Brussel
28,Leuven
29,Antwerpen
30,Gent
31,Charleroi
32,Liège
33,Brugge
34,Namur
35,Mons
36,Kortrijk
37,Oostende
38,Mechelen
39,Mouscron
40,La Louvière
41,Verviers
42,Sofia
43,Pernik
44,Plovdiv
45,Varna
46,Burgas
47,Pleven
48,Ruse
49,Vidin
50,Stara Zagora
51,Sliven
52,Dobrich
53,Shumen
54,Yambol
55,Haskovo
56,Pazardzhik
57,Blagoevgrad
58,Veliko Tarnovo
59,Vratsa
60,Toronto
61,Barrie
62,Montreal
63,Vancouver
64,Ottawa
65,Calgary
66,Edmonton
67,Quebec
68,Winnipeg
69,Hamilton
70,London
71,Kitchener
72,Halifax
73,Victoria
74,Windsor
75,Saskatoon
76,Sherbrooke
77,St Catharines
78,Trois Rivieres
79,St Johns
80,Regina
81,Abbotsford
82,Guelph
83,Red Deer
84,Brantford
85,Peterborough
86,Niagara Falls
87,Bern
88,Thun
89,Zürich
90,Winterthur
91,Genève
92,Basel
93,Lausanne
94,Luzern
95,Lugano
96,St. Gallen
97,Biel/Bienne
98,Zug
99,Arica
100,Iquique
101,Calama
102,Antofagasta
103,Copiapo
104,Coquimbo-La Serena
105,Ovalle
106,Calera
107,Quillota
108,Valparaiso
109,Santiago
110,San Antonio
111,Melipilla
112,Rancagua
113,San Fernando
114,Curico
115,Talca
116,Linares
117,Chillan
118,Concepcion
119,Los Angeles
120,Temuco
121,Valdivia
122,Osorno
123,Puerto Montt
124,Punta Arenas
125,Bogota D.C.
126,Medellin
127,Cali
128,Barranquilla
129,Cartagena
130,Bucaramanga
131,Cucuta
132,Pereira
133,Ibague
134,Manizales
135,Santa Marta
136,Pasto
137,Armenia
138,Villavicencio
139,Monteria
140,Valledupar
141,Buenaventura
142,Neiva
143,Palmira
144,Popayan
145,Sincelejo
146,Barrancabermeja
147,Tulua
148,Tunja
149,Riohacha
150,San Andres de Tumaco
151,Florence
152,Apartado
153,Girardot
154,Cartago
155,Maicao
156,Magangue
157,Sogamoso
158,Guadalajara de Buga
159,Ipiales
160,Quibdo
161,Fusagasuga
162,Facatativa
163,Duitama
164,Yopal
165,Cienaga
166,Zipaquira
167,Rionegro
168,Ocana
169,La Dorada
170,Caucasia
171,Sabanalarga
172,Aguachica
173,Espinal
174,Arauca
175,Santa Rosa de Cabal
176,El Carmen de Bolivar
177,Fundacion
178,Lefkosia
179,Larnaka
180,Lemesos
181,Praha
182,Kladno
183,Brno
184,Ostrava
185,Havířov
186,Karviná
187,Plzeň
188,Ústí nad Labem
189,Olomouc
190,Liberec
191,České Budějovice
192,Hradec Králové
193,Pardubice
194,Zlín
195,Karlovy Vary
196,Jihlava
197,Most
198,Chomutov-Jirkov
199,Berlin
200,Potsdam
201,Hamburg
202,Lüneburg
203,München
204,Köln
205,Leverkusen
206,Bergisch Gladbach
207,Frankfurt am Main
208,Hanau
209,Offenbach am Main
210,Essen
211,Dortmund
212,Bochum
213,Mülheim a.d.Ruhr
214,Moers
215,Duisburg
216,Gelsenkirchen
217,Oberhausen
218,Hagen
219,Hamm
220,Herne
221,Recklinghausen
222,Bottrop
223,Witten
224,Stuttgart
225,Esslingen am Neckar
226,Ludwigsburg
227,Sindelfingen
228,Leipzig
229,Dresden
230,Düsseldorf
231,Neuss
232,Bremen
233,Hannover
234,Nürnberg
235,Fürth
236,Bielefeld
237,Halle an der Saale
238,Magdeburg
239,Wiesbaden
240,Göttingen
241,Darmstadt
242,Trier
243,Freiburg im Breisgau
244,Regensburg
245,Frankfurt (Oder)
246,Weimar
247,Schwerin
248,Erfurt
249,Augsburg
250,Bonn
251,Sankt Augustin
252,Karlsruhe
253,Mönchengladbach
254,Mainz
255,Kiel
256,Saarbrücken
257,Koblenz
258,Rostock
259,Kaiserslautern
260,Iserlohn
261,Wilhelmshaven
262,Tübingen
263,Villingen-Schwenningen
264,Flensburg
265,Marburg
266,Konstanz
267,Neumünster
268,Brandenburg an der Havel
269,Gießen
270,Bayreuth
271,Celle
272,Aschaffenburg
273,Bamberg
274,Plauen
275,Neubrandenburg
276,Fulda
277,Kempten (Allgäu)
278,Landshut
279,Rosenheim
280,Stralsund
281,Friedrichshafen
282,Offenburg
283,Görlitz
284,Schweinfurt
285,Greifswald
286,Wetzlar
287,Speyer
288,Passau
289,Dessau-Roßlau
290,Frankenthal (Pfalz)
291,Mannheim
292,Ludwigshafen am Rhein
293,Münster
294,Chemnitz
295,Braunschweig
296,Salzgitter
297,Aachen
298,Krefeld
299,Lübeck
300,Kassel
301,Solingen
302,Osnabrück
303,Oldenburg (Oldenburg)
304,Heidelberg
305,Paderborn
306,Würzburg
307,Wolfsburg
308,Bremerhaven
309,Heilbronn
310,Remscheid
311,Neu-Ulm
312,Ulm
313,Pforzheim
314,Ingolstadt
315,Gera
316,Reutlingen
317,Cottbus
318,Siegen
319,Hildesheim
320,Zwickau
321,Erlangen
322,Wuppertal
323,Jena
324,"Düren, Stadt"
325,"Bocholt, Stadt"
326,København
327,Århus
328,Odense
329,Aalborg
330,Madrid
331,Alcalá de Henares
332,Torrejón de Ardoz
333,Collado Villalba
334,Valdemoro
335,Barcelona
336,Vilanova i la Geltrú
337,Granollers
338,Mollet del Vallès
339,Mataró
340,Valencia
341,Sevilla
342,Dos Hermanas
343,Alcalá de Guadaíra
344,Zaragoza
345,Málaga
346,Torremolinos
347,Benalmádena
348,Murcia
349,Las Palmas
350,Telde
351,Valladolid
352,Palma de Mallorca
353,Santiago de Compostela
354,Vitoria/Gasteiz
355,Oviedo
356,Pamplona/Iruña
357,Santander
358,Torrelavega
359,Toledo
360,Badajoz
361,Logroño
362,Bilbao
363,Córdoba
364,Alicante/Alacant
365,San Vicente del Raspeig/Sant Vicent del Raspeig
366,Vigo
367,Gijón
368,Santa Cruz de Tenerife
369,A Coruña
370,Reus
371,Lugo
372,Girona
373,Cáceres
374,Torrevieja
375,"Puerto de Santa María, El"
376,Avilés
377,Talavera de la Reina
378,Palencia
379,Ferrol
380,Pontevedra
381,Ceuta
382,Gandia
383,Guadalajara
384,Manresa
385,Ciudad Real
386,Benidorm
387,Melilla
388,Ponferrada
389,Zamora
390,Sanlúcar de Barrameda
391,"Línea de la Concepción, La"
392,Irun
393,Arrecife
394,Elda
395,Santa Lucía de Tirajana
396,Granada
397,Elche/Elx
398,Jerez de la Frontera
399,San Sebastián/Donostia
400,Almería
401,Burgos
402,Salamanca
403,Albacete
404,Castellón de la Plana/Castelló de la Plana
405,Huelva
406,Cádiz
407,León
408,Tarragona
409,Jaén
410,Lleida
411,Ourense
412,Algeciras
413,Fuengirola
414,Marbella
415,Alcoy
416,Ávila
417,Chiclana de la Frontera
418,Cuenca
419,Eivissa
420,Lorca
421,Mérida
422,Sagunto
423,Puerto de la Cruz
424,Igualada
425,Tallinn
426,Tartu
427,Narva
428,Helsinki/Helsingfors
429,Espoo/Esbo
430,Vantaa/Vanda
431,Tampere/Tammerfors
432,Turku/Åbo
433,Oulu/Uleåborg
434,Lahti/Lahtis
435,Kuopio
436,Jyväskylä
437,Paris
438,Mantes-la-Jolie
439,Melun
440,Creil
441,Meaux
442,Lyon
443,Lille
444,Marseille
445,Aix-en-Provence
446,Martigues
447,Bordeaux
448,Toulouse
449,Nantes
450,Nice
451,Strasbourg
452,Rouen
453,Montpellier
454,Grenoble
455,Tours
456,Cannes-Antibes
457,Toulon
458,La Seyne-sur-Mer
459,Rennes
460,Reims
461,Orléans
462,Nancy
463,Dijon
464,Clermont-Ferrand
465,Le Havre
466,Saint-Étienne
467,Angers
468,Mulhouse
469,Lens
470,Metz
471,Nîmes
472,Le Mans
473,Saint-Denis
474,Caen
475,Limoges
476,Brest
477,Amiens
478,Dunkerque
479,Perpignan
480,Annecy
481,Besançon
482,Bayonne
483,Pau
484,Avignon
485,Troyes
486,Valenciennes
487,Fort-de-France
488,Poitiers
489,Valence
490,Fréjus
491,Chambéry
492,Douai
493,La Rochelle
494,Lorient
495,Cherbourg-en-Cotentin
496,Béziers
497,Chartres
498,Boulogne-sur-Mer
499,Calais
500,Mamoudzou
501,Montbéliard
502,Arras
503,Colmar
504,Bourges
505,Saint-Brieuc
506,Quimper
507,Belfort
508,Cayenne
509,Hayange
510,Saint-Louis
511,Vannes
512,Annemasse-Geneva (French part)
513,Saint-Louis-Bâle (French part)
514,St Albans
515,Harlow
516,Southend-on-Sea
517,Tunbridge Wells
518,Woking
519,West Midlands urban area
520,Tamworth
521,Leeds
522,Glasgow
523,Liverpool
524,St. Helens
525,Edinburgh
526,Manchester
527,Cardiff
528,Sheffield
529,Bristol
530,Belfast
531,Newcastle upon Tyne
532,Leicester
533,Aberdeen
534,Cambridge
535,Exeter
536,Lincoln
537,Stevenage
538,Wrexham
539,Portsmouth
540,Worcester
541,Coventry
542,Kingston upon Hull
543,Stoke-on-Trent
544,Nottingham
545,Bath and North East Somerset
546,Guildford
547,Thanet
548,Waveney
549,Ashford
550,East Staffordshire
551,Darlington
552,Worthing
553,Mansfield
554,Chesterfield
555,Burnley
556,Great Yarmouth
557,Eastbourne
558,Hastings
559,Redditch
560,Halton
561,Doncaster
562,Sunderland
563,Medway
564,Brighton and Hove
565,Plymouth
566,Swansea
567,Derby
568,Southampton
569,Milton Keynes
570,Northampton
571,Warrington
572,Luton
573,York
574,Swindon
575,Bournemouth
576,Wycombe
577,Telford and Wrekin
578,North East Lincolnshire
579,Colchester
580,Basingstoke and Deane
581,Bedford
582,Dundee City
583,Falkirk
584,Reading
585,Blackpool
586,Maidstone
587,Dacorum
588,Blackburn with Darwen
589,Newport
590,Middlesbrough
591,Oxford
592,Torbay
593,Preston
594,Norwich
595,Slough
596,Cheshire West and Chester
597,Ipswich
598,Cheltenham
599,Gloucester
600,Bracknell Forest
601,Carlisle
602,Crawley
603,Rushmoor
604,Corby
605,Kettering
606,Derry & Strabane Local Government District
607,Athina
608,Thessaloniki
609,Pátra
610,Irakleio
611,Larisa
612,Volos
613,Ioannina
614,Kavala
615,Kalamata
616,Trikala
617,Serres
618,Katerini
619,Xanthi
620,Chania
621,Zagreb
622,Rijeka
623,Slavonski Brod
624,Osijek
625,Split
626,Pula/Pola
627,Zadar
628,Budapest
629,Miskolc
630,Nyíregyháza
631,Pécs
632,Debrecen
633,Szeged
634,Gyõr
635,Kecskemét
636,Székesfehérvár
637,Szombathely
638,Szolnok
639,Tatabánya
640,Veszprém
641,Békéscsaba
642,Kaposvár
643,Eger
644,Dunaújváros
645,Zalaegerszeg
646,Sopron
647,Dublin
648,Cork
649,Limerick
650,Galway
651,Waterford
652,Reykjavík
653,Nahariyya
654,Haifa
655,Nazareth
656,Umm al-Fahm
657,Hadera
658,Netanya
659,Tel Aviv - Yafo
660,Ashdod
661,Bet Shemesh
662,Jerusalem
663,Ashqelon
664,Qiryat Gat
665,Be'er Sheva
666,Elat
667,Roma
668,Anzio
669,Milano
670,Napoli
671,Torino
672,Palermo
673,Bagheria
674,Genova
675,Firenze
676,Bari
677,Bitonto
678,Molfetta
679,Bologna
680,Catania
681,Venezia
682,Verona
683,Cremona
684,Trento
685,Trieste
686,Perugia
687,Ancona
688,Pescara
689,Campobasso
690,Caserta
691,Taranto
692,Potenza
693,Catanzaro
694,Reggio di Calabria
695,Sassari
696,Cagliari
697,Padova
698,Brescia
699,Modena
700,Foggia
701,Salerno
702,Piacenza
703,Bolzano
704,Udine
705,La Spezia
706,Lecce
707,Barletta
708,Pesaro
709,Como
710,Pisa
711,Treviso
712,Varese
713,Asti
714,Pavia
715,Massa
716,Cosenza
717,Savona
718,Matera
719,Acireale
720,Avellino
721,Pordenone
722,Lecco
723,Altamura
724,Battipaglia
725,Bisceglie
726,Carpi
727,Cerignola
728,Gela
729,Sassuolo
730,Messina
731,Prato
732,Parma
733,Livorno
734,Reggio nell'Emilia
735,Ravenna
736,Ferrara
737,Rimini
738,Siracusa
739,Bergamo
740,Forlì
741,Latina
742,Vicenza
743,Terni
744,Novara
745,Alessandria
746,Arezzo
747,Grosseto
748,Brindisi
749,Trapani
750,Ragusa
751,Andria
752,L'Aquila
753,Tokyo
754,Osaka
755,Nagoya
756,Fukuoka
757,Sapporo
758,Sendai
759,Okayama
760,Hiroshima
761,Kitakyushu
762,Naha
763,Kumamoto
764,Yokkaichi
765,Takasaki
766,Hamamatsu
767,Niigata
768,Utsunomiya
769,Kanazawa
770,Oita
771,Kagoshima
772,Himeji
773,Mito
774,Shizuoka
775,Toyohashi
776,Nagasaki
777,Matsuyama
778,Toyama
779,Kofu
780,Takamatsu
781,Nagano
782,Tokushima
783,Numazu
784,Fukui
785,Wakayama
786,Koriyama
787,Kochi
788,Miyazaki
789,Morioka
790,Fujieda
791,Fukushima
792,Matsumoto
793,Yamagata
794,Kurume
795,Akita
796,Asahikawa
797,Kusatsu
798,Fuji
799,Isesaki
800,Hakodate
801,Hachinohe
802,Hitachi
803,Aomori
804,Shimonoseki
805,Obihiro
806,Shunan
807,Ube
808,Yonago
809,Ashikaga
810,Ōizumi
811,Omuta
812,Marugame
813,Kushiro
814,Tomakomai
815,Seoul
816,Osan
817,Busan
818,Daegu
819,Gwangju
820,Daejeon
821,Changwon
822,Ulsan
823,Cheongju
824,Jeonju
825,Cheonan
826,Gyeongsan
827,Pohang
828,Gumi
829,Jeju
830,Jinju
831,Wonju
832,Iksan
833,Chuncheon
834,Gunsan
835,Suncheon
836,Gangneung
837,Naju
838,Vilnius
839,Kaunas
840,Panevėžys
841,Alytus
842,Klaipėda
843,Šiauliai
844,Luxembourg
845,Rīga
846,Liepāja
847,Jelgava
848,Daugavpils
849,Mexico City
850,Jaltenco
851,Monterrey
852,Puebla
853,Toluca
854,Ocoyoacac
855,Tijuana
856,Leon
857,Queretaro
858,Merida
859,Juarez
860,San Luis Potosi
861,Torreon
862,Mexicali
863,Cuernavaca
864,Villahermosa
865,Culiacan
866,Morelia
867,Chihuahua
868,Veracruz
869,Hermosillo
870,Aguascalientes
871,Acapulco de Juarez
872,Tampico
873,Oaxaca de Juarez
874,Reynosa
875,Xalapa
876,Saltillo
877,Benito Juarez
878,Celaya
879,Durango
880,Tuxtla Gutierrez
881,Pachuca de Soto
882,Irapuato
883,Ahome
884,Matamoros
885,Ensenada
886,Poza Rica de Hidalgo
887,Tepic
888,Orizaba
889,Mazatlan
890,Cajeme
891,Nuevo Laredo
892,Guadalupe
893,Coatzacoalcos
894,Tapachula
895,Tlaxcala
896,Cordoba
897,Uruapan
898,Tehuacan
899,Minatitlan
900,Cuautla
901,Chilpancingo de los Bravo
902,Monclova
903,Los Cabos
904,Colima
905,La Paz
906,Campeche
907,Puerto Vallarta
908,San Juan del Rio
909,Tulancingo de Bravo
910,Carmen
911,Nogales
912,Othon P. Blanco
913,Fresnillo
914,San Cristobal de las Casas
915,Solidaridad
916,Apizaco
917,San Luis Rio Colorado
918,San Francisco del Rincon
919,San Martin Texmelucan
920,Lazaro Cardenas
921,Ciudad Valles
922,Tianguistenco
923,Cuauhtemoc
924,Navojoa
925,Zitacuaro
926,Lagos de Moreno
927,Piedras Negras
928,Comitan de Dominguez
929,Delicias
930,Tuxpan
931,Iguala de la Independencia
932,Acuna
933,Uriangato
934,Teziutlan
935,Apatzingan
936,Zapotlan el Grande
937,Hidalgo del Parral
938,Chiautla
939,Greater Valletta
940,Amsterdam
941,Almere
942,Haarlem
943,Haarlemmermeer
944,Heemskerk
945,Hilversum
946,Hoorn
947,Purmerend
948,Zaanstad
949,Alkmaar
950,Almelo
951,Alphen aan den Rijn
952,Amersfoort
953,Apeldoorn
954,Arnhem
955,Assen
956,Bergen op Zoom
957,Breda
958,Deventer
959,Ede
960,Eindhoven
961,Helmond
962,Enschede
963,Hengelo
964,Gouda
965,'s-Gravenhage
966,Zoetermeer
967,Groningen
968,Heerlen
969,'s-Hertogenbosch
970,Leeuwarden
971,Leiden
972,Lelystad
973,Maastricht
974,Middelburg
975,Nijmegen
976,Oss
977,Nissewaard
978,Rotterdam
979,Roosendaal
980,Sittard-Geleen
981,Soest
982,Tilburg
983,Utrecht
984,Veenendaal
985,Venlo
986,Zwolle
987,Oslo
988,Bergen
989,Trondheim
990,Stavanger
991,Auckland
992,Orewa
993,Pukekohe
994,Christchurch
995,Rangiora
996,Kaiapoi
997,Rolleston
998,Wellington
999,Tauranga
1000,Dunedin
1001,Mosgiel
1002,Palmerston North
1003,New Plymouth
1004,Nelson
1005,Whangarei
1006,Havelock North
1007,Rotorua
1008,Napier
1009,Invercargill
1010,Warszawa
1011,Łódź
1012,Zgierz
1013,Kraków
1014,Wrocław
1015,Poznań
1016,Gdańsk
1017,Gdynia
1018,Szczecin
1019,Bydgoszcz
1020,Lublin
1021,Katowice
1022,Sosnowiec
1023,Gliwice
1024,Zabrze
1025,Bytom
1026,Ruda Śląska
1027,Tychy
1028,Chorzów
1029,Białystok
1030,Kielce
1031,Toruń
1032,Olsztyn
1033,Rzeszów
1034,Opole
1035,Gorzów Wielkopolski
1036,Zielona Góra
1037,Jelenia Góra
1038,Nowy Sącz
1039,Suwałki
1040,Konin
1041,Częstochowa
1042,Radom
1043,Płock
1044,Kalisz
1045,Koszalin
1046,Słupsk
1047,Żory
1048,Jastrzębie-Zdrój
1049,Siedlce
1050,Piotrków Trybunalski
1051,Lubin
1052,Piła
1053,Inowrocław
1054,Ostrowiec Świętokrzyski
1055,Gniezno
1056,Stargard
1057,Ostrów Wielkopolski
1058,Przemyśl
1059,Zamość
1060,Chełm
1061,Pabianice
1062,Głogów
1063,Stalowa Wola
1064,Tomaszów Mazowiecki
1065,Łomża
1066,Leszno
1067,Świdnica
1068,Tczew
1069,Ełk
1070,Bielsko-Biała
1071,Rybnik
1072,Wałbrzych
1073,Elbląg
1074,Włocławek
1075,Tarnów
1076,Legnica
1077,Grudziądz
1078,Lisboa
1079,Setúbal
1080,Sintra
1081,Vila Franca de Xira
1082,Porto
1083,Paredes
1084,Braga
1085,Funchal
1086,Coimbra
1087,Ponta Delgada
1088,Aveiro
1089,Faro
1090,Viseu
1091,Viana do Castelo
1092,Póvoa de Varzim
1093,Guimarães
1094,Bucureşti
1095,Cluj-Napoca
1096,Timişoara
1097,Craiova
1098,Brăila
1099,Oradea
1100,Bacău
1101,Arad
1102,Sibiu
1103,Târgu Mureş
1104,Piatra Neamţ
1105,Cǎlǎraşi
1106,Giurgiu
1107,Alba Iulia
1108,Focşani
1109,Târgu Jiu
1110,Tulcea
1111,Târgovişte
1112,Slatina
1113,Bârlad
1114,Roman
1115,Bistriţa
1116,Constanţa
1117,Iaşi
1118,Galaţi
1119,Braşov
1120,Ploieşti
1121,Piteşti
1122,Baia Mare
1123,Buzău
1124,Satu Mare
1125,Botoşani
1126,Râmnicu Vâlcea
1127,Suceava
1128,Drobeta-Turnu Severin
1129,Bratislava
1130,Košice
1131,Banská Bystrica
1132,Nitra
1133,Prešov
1134,Žilina
1135,Trnava
1136,Trenčín
1137,Ljubljana
1138,Maribor
1139,Stockholm
1140,Södertälje
1141,Göteborg
1142,Malmö
1143,Lund
1144,Jönköping
1145,Umeå
1146,Uppsala
1147,Linköping
1148,Örebro
1149,Västerås
1150,Norrköping
1151,Helsingborg
1152,Borås
1153,Ankara
1154,Adana
1155,Antalya
1156,Balikesir
1157,Bursa
1158,Denizli
1159,Diyarbakir
1160,Edirne
1161,Erzurum
1162,Gaziantep
1163,Hatay
1164,Istanbul
1165,Izmir
1166,Kars
1167,Kastamonu
1168,Kayseri
1169,Kocaeli
1170,Konya
1171,Malatya
1172,Manisa
1173,Nevsehir
1174,Samsun
1175,Siirt
1176,Trabzon
1177,Van
1178,Zonguldak
1179,New York (Greater)
1180,Los Angeles (Greater)
1181,Chicago
1182,Washington (Greater)
1183,Baltimore
1184,San Francisco (Greater)
1185,Philadelphia (Greater)
1186,Mercer
1187,Dallas
1188,Houston
1189,Miami (Greater)
1190,Atlanta
1191,Boston
1192,Phoenix
1193,Detroit (Greater)
1194,Seattle
1195,Minneapolis
1196,San Diego
1197,St. Louis
1198,Denver
1199,Portland
1200,Cincinnati
1201,Las Vegas
1202,Orange
1203,Jackson (MO)
1204,Indianapolis
1205,Cuyahoga
1206,New Haven
1207,Charlotte
1208,Sacramento
1209,Austin
1210,Columbus
1211,Milwaukee
1212,Jacksonville
1213,Salt Lake
1214,Tampa-Pinellas
1215,Jefferson (KY)
1216,Memphis
1217,Davidson
1218,Oklahoma
1219,Hartford
1220,Pittsburgh
1221,New Orleans
1222,Virginia Beach
1223,Erie (NY)
1224,Fresno (Greater)
1225,Richmond (Greater)
1226,Wake
1227,Jefferson (AL)
1228,Tampa-Hillsborough
1229,Pima
1230,Tulsa
1231,Albany
1232,Providence
1233,Albuquerque
1234,Douglas (NE)
1235,Rochester (NY)
1236,Kern
1237,Ventura
1238,El Paso (TX)
1239,East Baton Rouge
1240,Hidalgo
1241,Richland
1242,Lehigh
1243,Sarasota
1244,Montgomery (OH)
1245,San Joaquin
1246,Kent
1247,Charleston
1248,Onondaga
1249,El Paso (CO)
1250,Ada
1251,Hampden
1252,Lee
1253,Sedgwick
1254,Polk
1255,Dauphin
1256,Lucas
1257,Pulaski
1258,Dane
1259,Brevard
1260,Summit
1261,Hamilton (TN)
1262,Utah
1263,Lancaster (PA)
1264,Stanislaus
1265,Greene
1266,Fayette
1267,Spokane
1268,Volusia-Daytona Beach
1269,Guilford
1270,Sonoma
1271,Forsyth
1272,Washoe
1273,Ingham
1274,Montgomery (AL)
1275,Knox
1276,Greenville
1277,Mahoning
1278,Escambia
1279,Caddo
1280,Tulare
1281,Newport News
1282,Genesee
1283,Jefferson (TX)
1284,Santa Barbara
1285,Lafayette
1286,Monterey
1287,Mobile
1288,Berks
1289,Cameron
1290,Bell
1291,Nueces
1292,Marion (OR)
1293,Allen
1294,Scott
1295,Stark
1296,Tallahassee
1297,Cumberland (NC)
1298,Lane
1299,Winnebago (IL)
1300,Chatham
1301,Vanderburgh
1302,Washtenaw
1303,Lubbock
1304,Madison
1305,Marion (FL)
1306,Peoria
1307,Collier
1308,Luzerne
1309,Lancaster (NE)
1310,Thurston
1311,Sebastian
1312,Roanoke
1313,Muscogee
1314,Brown
1315,Alachua
1316,Larimer
1317,Boulder
1318,Potter
1319,Cumberland (ME)
1320,Erie (PA)
1321,St. Lucie
1322,Nashville
1323,Atlantic City
1324,McLennan
1325,Durham
1326,Lackawanna
1327,St. Joseph
1328,Santa Cruz
1329,Webb
1330,Minnehaha
1331,Merced
1332,Benton (WA)
1333,Weld
1334,Kalamazoo
1335,Butte
1336,Sangamon
1337,Yakima
1338,Brazos
1339,Tuscaloosa
1340,Champaign
1341,Linn
1342,Lafayette (IN)
1343,Shawnee
1344,Weber
1345,Outagamie
1346,Cass
1347,Benton (AR)
1348,Las Cruces
1349,Rochester (MN)
1350,Jackson (OR)
1351,New Hanover
1352,Whatcom
1353,Broome
1354,Saginaw
1355,Yuma
1356,Racine
1357,Punta Gorda
1358,Benton (MN)
1359,Harrison
1360,McLean
1361,Woodbury
1362,Tampa-Hernando
1363,Muskegon
1364,Johnson
1365,Taylor
1366,Pitt
1367,Winnebago (WI)
1368,Sutter
1369,Rock
1370,Pueblo
1371,Centre
1372,Yellowstone
1373,Wichita
1374,Washington (MD)
1375,Mesa
1376,Midland
1377,Ector
1378,Comanche
1379,Indian River
1380,Monroe (IN)
1381,Napa
1382,Delaware
1383,Kankakee
1384,Terrebonne
1385,Douglas (KS)
1386,Flagler-Daytona Beach
1387,Sumter
1388,Maverick
1389,Bruxelles/Brussel/Leuven
1390,Ustí nad Labem
1391,Ruhrgebiet
1392,Mannheim-Ludwigshafen
1393,Braunschweig-Salzgitter
1394,"Palmas de Gran Canaria, Las"
1395,Boulogne-sur-Mer
1396,Győr
1397,Umm al-Fahm
1398,Be'er Sheva
1399,Riga
1400,Liepaja
1401,Malta
1402,Osrednjeslovenska
1403,Podravska
