R&D_ID,R&D_Key,Country_Key,Time_Key,ExpenditureAmount,ResearcherNumber
1,1,1,1,76,55
2,1,2,1,53,
3,1,1,2,73,56
4,1,1,3,71,57
5,1,2,3,53,
6,1,1,4,65,57
7,1,1,5,61,56
8,1,1,6,58,56
9,1,1,7,58,56
10,1,1,8,58,56
11,1,1,9,55,56
12,1,2,5,51,
13,1,2,7,53,
14,1,3,1,71,64
15,1,3,2,70,63
16,1,3,3,70,63
17,1,3,4,70,63
18,1,3,5,70,64
19,1,3,6,70,63
20,1,3,7,69,64
21,1,3,8,69,64
22,1,3,9,69,65
23,1,4,1,70,54
24,1,4,2,69,54
25,1,4,3,70,54
26,1,4,4,72,54
27,1,4,5,74,56
28,1,4,6,74,56
29,1,4,7,75,56
30,1,4,8,72,55
31,1,4,9,72,55
32,1,5,1,73,56
33,1,5,2,73,59
34,1,5,3,70,58
35,1,5,4,72,57
36,1,5,5,67,56
37,1,5,6,68,57
38,1,5,7,66,57
39,1,5,8,68,57
40,1,5,9,64,58
41,1,6,1,53,59
42,1,6,2,53,58
43,1,6,3,53,58
44,1,6,4,54,60
45,1,6,5,54,61
46,1,6,6,55,62
47,1,6,7,59,63
48,1,6,8,59,63
49,1,6,9,59,
50,1,6,10,60,
51,1,7,1,43,49
52,1,7,2,45,48
53,1,7,3,47,50
54,1,7,4,48,50
55,1,7,5,49,52
56,1,7,6,48,51
57,1,7,7,43,44
58,1,7,8,42,42
59,1,8,1,77,63
60,1,8,2,77,62
61,1,8,3,78,61
62,1,8,4,77,61
63,1,8,5,76,58
64,1,8,6,77,58
65,1,8,7,78,58
66,1,8,8,79,58
67,1,8,9,79,59
68,1,9,1,78,69
69,1,9,2,78,70
70,1,9,3,79,70
71,1,9,4,80,71
72,1,9,5,81,71
73,1,9,6,83,72
74,1,9,7,84,73
75,1,9,8,85,74
76,1,9,9,85,75
77,1,10,1,48,
78,1,10,2,41,
79,1,10,3,38,
80,1,10,4,45,
81,1,10,5,49,
82,1,10,6,53,
83,1,11,1,58,46
84,1,11,2,58,56
85,1,11,3,59,63
86,1,11,4,60,58
87,1,11,6,59,55
88,1,11,7,58,52
89,1,11,8,,46
90,1,11,9,,44
91,1,12,1,51,56
92,1,12,2,46,55
93,1,12,3,48,56
94,1,12,4,48,55
95,1,12,5,49,55
96,1,12,6,48,57
97,1,12,7,47,57
98,1,12,8,54,57
99,1,12,9,55,57
100,1,13,1,54,50
101,1,13,2,61,51
102,1,13,3,63,52
103,1,13,4,62,51
104,1,13,5,62,51
105,1,13,6,61,51
106,1,13,7,63,53
107,1,13,8,64,54
108,1,13,9,65,55
109,1,14,1,63,58
110,1,14,2,65,60
111,1,14,3,63,59
112,1,14,4,63,58
113,1,14,5,62,58
114,1,14,6,62,58
115,1,14,7,62,56
116,1,14,8,61,58
117,1,14,9,62,59
118,1,15,1,46,61
119,1,15,2,51,61
120,1,15,3,47,61
121,1,15,4,45,66
122,1,15,5,53,66
123,1,15,6,55,68
124,1,15,7,56,68
125,1,15,8,56,64
126,1,15,9,58,63
127,1,16,1,64,52
128,1,16,2,65,53
129,1,16,3,66,54
130,1,16,4,66,55
131,1,16,5,66,55
132,1,16,6,65,55
133,1,16,7,66,55
134,1,16,8,66,56
135,1,16,9,66,56
136,1,17,1,67,57
137,1,17,2,66,56
138,1,17,3,65,55
139,1,17,4,66,56
140,1,17,5,66,57
141,1,17,6,67,59
142,1,17,7,69,62
143,1,17,8,68,60
144,1,17,9,68,60
145,1,18,1,65,60
146,1,18,2,65,60
147,1,18,3,65,61
148,1,18,4,66,62
149,1,18,5,66,62
150,1,18,6,66,62
151,1,18,7,66,62
152,1,18,8,66,62
153,1,18,9,66,62
154,1,19,1,69,59
155,1,19,2,68,59
156,1,19,3,69,60
157,1,19,4,69,60
158,1,19,5,69,61
159,1,19,6,67,60
160,1,19,7,67,60
161,1,19,8,67,61
162,1,19,9,68,63
163,1,20,1,53,64
164,1,20,2,43,59
165,1,20,3,49,51
166,1,20,4,48,51
167,1,20,5,46,52
168,1,20,6,46,53
169,1,20,7,47,51
170,1,20,8,49,52
171,1,20,9,49,50
172,1,21,1,73,59
173,1,21,2,74,59
174,1,21,3,73,62
175,1,21,4,76,57
176,1,21,5,75,58
177,1,21,6,76,59
178,1,21,7,75,61
179,1,21,8,72,60
180,1,21,9,73,63
181,1,22,1,66,
182,1,22,2,64,
183,1,22,3,64,53
184,1,22,4,64,53
185,1,22,5,69,
186,1,22,6,68,
187,1,22,7,72,56
188,1,22,8,72,
189,1,22,9,75,50
190,1,23,1,72,52
191,1,23,2,72,52
192,1,23,3,74,51
193,1,23,4,77,54
194,1,23,5,79,53
195,1,23,6,79,52
196,1,23,7,80,50
197,1,23,8,88,53
198,1,23,9,86,51
199,1,24,1,85,
200,1,24,2,87,
201,1,24,3,88,
202,1,24,4,88,
203,1,24,5,90,
204,1,24,6,91,
205,1,24,7,92,
206,1,24,8,93,
207,1,24,9,93,
208,1,25,1,58,48
209,1,25,2,61,48
210,1,25,3,62,48
211,1,25,4,63,48
212,1,25,5,63,49
213,1,25,6,62,49
214,1,25,7,60,50
215,1,25,8,60,50
216,1,25,9,58,43
217,1,26,1,78,73
218,1,26,2,79,73
219,1,26,3,79,74
220,1,26,4,79,74
221,1,26,5,79,74
222,1,26,6,79,75
223,1,26,7,79,75
224,1,26,8,79,75
225,1,26,9,79,75
226,1,27,1,78,80
227,1,27,2,78,80
228,1,27,3,79,81
229,1,27,4,80,82
230,1,27,5,80,82
231,1,27,6,79,82
232,1,27,7,79,83
233,1,27,8,79,83
234,1,27,9,79,82
235,1,28,1,50,64
236,1,28,2,48,62
237,1,28,3,47,65
238,1,28,4,52,64
239,1,28,5,55,64
240,1,28,6,47,64
241,1,28,7,44,60
242,1,28,8,46,57
243,1,28,9,44,55
244,1,29,1,56,59
245,1,29,2,39,59
246,1,29,3,37,55
247,1,29,4,42,55
248,1,29,5,43,55
249,1,29,6,47,56
250,1,29,7,49,56
251,1,29,8,50,56
252,1,29,9,43,57
253,1,30,1,53,40
254,1,30,2,55,43
255,1,30,3,56,43
256,1,30,4,53,40
257,1,30,5,54,41
258,1,30,6,50,41
259,1,30,7,51,44
260,1,30,8,49,43
261,1,30,9,50,45
262,1,31,1,80,49
263,1,31,2,78,44
264,1,31,3,77,43
265,1,32,1,64,67
266,1,32,2,66,68
267,1,32,3,66,69
268,1,32,4,66,70
269,1,32,5,67,69
270,1,32,6,67,69
271,1,32,7,66,69
272,1,32,8,68,71
273,1,32,9,69,71
274,1,33,1,51,64
275,1,33,3,54,54
276,1,33,5,58,57
277,1,33,7,60,46
278,1,33,9,63,50
279,1,34,1,54,49
280,1,34,2,53,48
281,1,34,3,53,49
282,1,34,4,52,50
283,1,34,5,53,50
284,1,34,6,54,51
285,1,34,7,54,51
286,1,34,8,55,52
287,1,34,9,57,54
288,1,35,1,69,62
289,1,35,2,70,62
290,1,35,3,71,63
291,1,35,4,71,64
292,1,35,5,72,65
293,1,35,6,72,65
294,1,35,7,73,66
295,1,35,8,73,66
296,1,35,9,74,
297,1,36,1,47,49
298,1,36,2,66,58
299,1,36,3,64,53
300,1,36,4,66,54
301,1,36,5,63,59
302,1,36,6,63,56
303,1,36,7,63,55
304,1,36,8,66,56
305,1,36,9,65,56
306,1,37,1,46,65
307,1,37,2,48,63
308,1,37,3,50,61
309,1,37,4,51,61
310,1,37,5,52,60
311,1,37,6,57,61
312,1,37,7,60,61
313,1,37,8,62,61
314,1,37,9,63,62
315,1,38,1,44,49
316,1,38,2,55,49
317,1,38,3,57,49
318,1,38,4,59,50
319,1,38,5,58,50
320,1,38,6,59,50
321,1,38,7,60,52
322,1,38,8,62,51
323,1,38,9,62,52
324,1,39,1,70,46
325,1,39,2,68,47
326,1,39,3,66,47
327,1,39,4,67,46
328,1,39,5,66,48
329,1,39,6,68,47
330,1,40,1,59,50
331,1,40,2,58,49
332,1,40,3,59,50
333,1,40,4,60,51
334,1,40,5,61,52
335,1,40,6,63,54
336,1,40,7,64,51
337,1,40,8,64,54
338,1,41,1,44,59
339,1,41,2,50,58
340,1,41,3,54,57
341,1,41,4,54,57
342,1,41,5,55,57
343,1,41,6,54,57
344,1,41,7,56,55
345,1,41,8,57,52
346,1,41,9,56,51
347,1,42,1,76,53
348,1,42,2,76,55
349,1,42,3,75,62
350,1,42,4,74,62
351,1,42,5,74,61
352,1,42,6,73,61
353,1,42,7,73,60
354,1,42,8,70,58
355,1,42,9,69,56
356,1,43,1,45,70
357,1,43,2,46,71
358,1,43,3,47,71
359,1,43,4,48,74
360,1,43,5,56,78
361,1,43,6,56,79
362,1,43,7,53,79
363,1,43,8,51,78
364,1,44,1,53,50
365,1,44,2,54,51
366,1,44,3,55,51
367,1,44,4,57,52
368,1,44,5,56,53
369,1,44,6,56,54
370,1,44,7,56,55
371,1,44,8,56,55
372,1,44,9,56,55
373,1,45,1,70,68
374,1,45,2,70,67
375,1,45,3,71,71
376,1,45,4,71,73
377,1,45,5,72,71
378,1,45,6,72,72
379,1,45,7,72,75
380,1,45,8,74,75
381,1,45,9,74,73
382,1,8,1,69,50
383,1,8,3,68,51
384,1,8,5,69,51
385,1,8,7,69,50
386,1,8,8,,42
387,1,8,9,69,49
388,1,46,1,49,50
389,1,46,2,50,51
390,1,46,3,50,53
391,1,46,4,53,57
392,1,46,5,56,57
393,1,46,6,56,58
394,1,46,7,61,59
395,1,46,8,61,62
396,1,46,9,65,64
397,1,47,1,76,59
398,1,47,2,77,58
399,1,47,3,77,58
400,1,47,4,70,46
401,1,47,5,71,47
402,1,47,6,71,39
403,1,47,7,71,39
404,1,47,8,70,41
405,1,47,9,69,41
406,1,48,1,72,77
407,1,48,2,73,76
408,1,48,3,74,77
409,1,48,4,74,78
410,1,48,5,75,78
411,1,48,6,76,79
412,1,48,7,78,80
413,1,48,8,78,79
414,1,48,9,78,
